id,first_name,last_name,email,gender
1,Ferdinanda,Fonte,ffonte0@twitter.com,Female
7,Ludovika,Snaddon,lsnaddon6@weebly.com,Female
13,Gerry,Olford,golfordc@indiatimes.com,Female
14,Gussi,Murie,gmuried@usnews.com,Female
15,Ash,Friedlos,afriedlose@senate.gov,Male
16,Gardiner,Rivelin,grivelinf@homestead.com,Male
19,Moishe,Clarycott,mclarycotti@ebay.com,Male
24,Ursola,Clack,uclackn@about.com,Female
27,Sylvan,Cottee,scotteeq@furl.net,Male
28,Carmon,Perotti,cperottir@loc.gov,Female
30,Andie,Ismail,aismailt@amazonaws.com,Male
32,Fabien,Orrocks,forrocksv@nature.com,Male
34,Aurora,Matkovic,amatkovicx@oracle.com,Female
35,Hervey,Pree,hpreey@gizmodo.com,Male
36,Fin,ffrench Beytagh,fffrenchbeytaghz@amazon.co.uk,Male
37,Neill,Baudts,nbaudts10@squidoo.com,Male
38,Evangeline,Skellion,eskellion11@goo.gl,Female
39,Fabian,Yellowley,fyellowley12@netvibes.com,Male
41,Carson,Macartney,cmacartney14@foxnews.com,Male
42,Beret,Phython,bphython15@google.es,Female
44,Clark,Read,cread17@imdb.com,Male
45,Greta,Forster,gforster18@issuu.com,Female
46,Loralyn,Yezafovich,lyezafovich19@51.la,Female
47,Frances,Precious,fprecious1a@skype.com,Female
48,Gavan,Leftly,gleftly1b@artisteer.com,Male
50,Ofilia,Willets,owillets1d@dedecms.com,Female
51,Scarlett,Rashleigh,srashleigh1e@github.com,Female
52,Cullan,Di Claudio,cdiclaudio1f@mapy.cz,Male
53,Shina,Minshall,sminshall1g@usa.gov,Female
54,Wallache,Horsburgh,whorsburgh1h@surveymonkey.com,Male
56,Sax,Regelous,sregelous1j@lulu.com,Male
58,Deirdre,Durno,ddurno1l@foxnews.com,Female
61,Michale,Cowin,mcowin1o@army.mil,Male
62,Gannie,Sherel,gsherel1p@hostgator.com,Male
63,Inga,Fortie,ifortie1q@apache.org,Female
65,Vittoria,Ballin,vballin1s@addthis.com,Female
67,Linus,Richt,lricht1u@squidoo.com,Male
68,Elnora,Elflain,eelflain1v@webs.com,Female
71,Henri,Giacoboni,hgiacoboni1y@exblog.jp,Male
72,Kylie,Troke,ktroke1z@sohu.com,Male
73,Vaclav,Habbershon,vhabbershon20@lulu.com,Male
74,Hubert,Steabler,hsteabler21@bravesites.com,Male
75,Ailey,Smithin,asmithin22@homestead.com,Female
76,Rycca,Sent,rsent23@chron.com,Female
78,Charmine,Eminson,ceminson25@engadget.com,Female
81,Michael,Studdert,mstuddert28@dailymotion.com,Male
82,Freddie,Petrovykh,fpetrovykh29@creativecommons.org,Male
83,Torrey,Storey,tstorey2a@nyu.edu,Male
84,Blythe,MacCrosson,bmaccrosson2b@usgs.gov,Female
85,Allyson,Drewery,adrewery2c@epa.gov,Female
86,Duane,Vasnev,dvasnev2d@xinhuanet.com,Male
88,Sheela,Chansonnau,schansonnau2f@salon.com,Female
89,Ranee,Search,rsearch2g@kickstarter.com,Female
90,Liva,Chesterton,lchesterton2h@cdc.gov,Female
91,Danny,Martins,dmartins2i@sitemeter.com,Male
92,Gene,Obert,gobert2j@sina.com.cn,Female
93,Tibold,Hawking,thawking2k@live.com,Male
94,Obadiah,Cowerd,ocowerd2l@joomla.org,Male
96,Thatcher,Russell,trussell2n@meetup.com,Male
98,Kirbee,McFarlane,kmcfarlane2p@biblegateway.com,Female
99,Kennan,Musico,kmusico2q@weebly.com,Male
100,Juline,Pennacci,jpennacci2r@woothemes.com,Female
